Label,Review
Positive,"This deodorant is a game-changer! The scent is refreshing, and it keeps me dry all day. A reliable choice for long-lasting freshness and confidence."
Positive,"Exceptional deodorant! The fragrance is delightful, and it provides unbeatable 24-hour protection. I feel confident and odor-free throughout the day."
Positive,"Fantastic deodorant! The scent is invigorating, and it effectively controls perspiration. A must-have for a day filled with freshness and comfort."
Positive,"Love this deodorant! The scent is subtle, yet long-lasting. It keeps me feeling fresh and confident, delivering on its promise of effective odor control."
Positive,"Incredible deodorant choice! The scent is energizing, and it provides reliable protection. I stay dry and fresh, making it my go-to for all-day confidence."
Positive,"Unbeatable deodorant! The fragrance is pleasing, and it keeps me dry even during intense activities. This reliable choice ensures lasting freshness and confidence."
Positive,"Outstanding deodorant! The scent is uplifting, and it provides excellent protection. I stay fresh and odor-free all day long, making it my top choice."
Positive,"Remarkable deodorant! The fragrance is soothing, and it delivers on its promise of long-lasting freshness. I'm confident and comfortable throughout the day."
Positive,"Amazing deodorant! The scent is invigorating, and it effectively controls perspiration. I feel fresh and confident, making it my trusted daily companion."
Positive,"Marvelous deodorant choice! The fragrance is delightful, and it keeps me dry and confident. A must-have for anyone seeking reliable and long-lasting freshness."
Positive,"This deodorant is a winner! The scent is captivating, and it provides unbeatable protection. I stay fresh and confident, making it an essential part of my routine."
Positive,"Fantastic deodorant! The fragrance is refreshing, and it ensures all-day protection. I feel confident and comfortable, making it a reliable choice for daily use."
Positive,"Love this deodorant! The scent is invigorating, and it effectively controls perspiration. A reliable choice for long-lasting freshness and confidence throughout the day."
Positive,"Exceptional deodorant! The fragrance is delightful, and it provides unbeatable 24-hour protection. I feel confident and odor-free throughout the day."
Positive,"Outstanding deodorant! The scent is uplifting, and it delivers on its promise of long-lasting freshness. I'm confident and comfortable throughout the day."
Positive,"Amazing deodorant! The fragrance is invigorating, and it effectively controls perspiration. I feel fresh and confident, making it my trusted daily companion."
Positive,"Incredible deodorant choice! The scent is energizing, and it provides reliable protection. I stay dry and fresh, making it my go-to for all-day confidence."
Positive,"Marvelous deodorant choice! The fragrance is delightful, and it keeps me dry and confident. A must-have for anyone seeking reliable and long-lasting freshness."
Positive,"Love this deodorant! The scent is invigorating, and it effectively controls perspiration. A reliable choice for long-lasting freshness and confidence throughout the day."
Positive,"Exceptional deodorant! The fragrance is delightful, and it provides unbeatable 24-hour protection. I feel confident and odor-free throughout the day."
Positive,"Outstanding deodorant! The scent is uplifting, and it delivers on its promise of long-lasting freshness. I'm confident and comfortable throughout the day."
Positive,"Amazing deodorant! The fragrance is invigorating, and it effectively controls perspiration. I feel fresh and confident, making it my trusted daily companion."
Positive,"Incredible deodorant choice! The scent is energizing, and it provides reliable protection. I stay dry and fresh, making it my go-to for all-day confidence."
Positive,"Marvelous deodorant choice! The fragrance is delightful, and it keeps me dry and confident. A must-have for anyone seeking reliable and long-lasting freshness."
Positive,"Love this deodorant! The scent is invigorating, and it effectively controls perspiration. A reliable choice for long-lasting freshness and confidence throughout the day."
Negative,"Dreadful deodorant! The scent is overpowering, causing irritation. It failed miserably at keeping me dry, leaving a sticky mess. Regrettable purchase."
Negative,"Disastrous deodorant choice. The fragrance is repulsive, and it left my skin feeling sticky. Failed to control odor, making it an uncomfortable and regrettable buy."
Negative,"Awful deodorant! The scent is nauseating, and it caused skin irritation. It failed to provide 24-hour protection, leaving me uncomfortable and disappointed."
Negative,"Total deodorant letdown. The scent is unbearable, and it left a slimy residue. Failed to control perspiration, making it an unpleasant and regrettable purchase."
Negative,"Regrettable deodorant choice. The overpowering scent is nauseating, and it failed to keep me dry. Left me feeling uncomfortable and dissatisfied."
Negative,"Highly disappointed with this deodorant. The scent is overwhelming, and it failed to provide reliable protection. Left me feeling sticky and regretful."
Negative,"This deodorant is a disaster. The scent is repulsive, and it left my skin feeling uncomfortable. Failed to deliver on promises, making it a regrettable purchase."
Negative,"Disaster in a bottle! The overpowering scent is unbearable, and it left my skin feeling slimy. Failed to control perspiration, an absolute waste of money."
Negative,"Unpleasant deodorant experience. The scent is overpowering, and it caused skin irritation. It left me feeling uncomfortable and failed to provide effective freshness."
Negative,"Frustrating deodorant choice. The scent is obnoxious, and it left a sticky residue. Failed to control perspiration and odor, leaving me dissatisfied."
Negative,"Total deodorant disappointment. The scent is too strong, and it left my underarms feeling sticky. Failed to provide any effective protection against perspiration and odor."
Negative,"Highly dissatisfied with this deodorant. It caused skin irritation, and the scent was far from pleasant. Failed to deliver on its promises of effective freshness."
Negative,"Unpleasant surprise! This deodorant's scent is overpowering, and it caused skin irritation. It left me feeling uncomfortable and failed to provide the promised 24-hour protection."
Negative,Displeased with this deodorant. It left an unpleasant residue and failed to provide effective protection against odor. The scent is overpowering and artificial. A regrettable purchase.
Negative,"Frustrating deodorant choice. The overpowering scent is irritating, and it left my skin feeling uncomfortable. It failed to provide any effective protection against perspiration and odor."
Negative,"Disappointed with this deodorant. The scent is overwhelming and not pleasant. It left my skin feeling sticky, and I regret choosing this product entirely."
Negative,This deodorant is a disaster. It left a sticky residue and failed to provide any reliable protection against perspiration and odor. The scent is overpowering and unpleasant.
Negative,Total failure! This deodorant irritated my skin and left an unpleasant residue. The scent is overpowering and not at all pleasant. Definitely not recommended.
Negative,"Highly dissatisfied with this deodorant. It left my skin feeling irritated, and the scent is overpowering. Failed to deliver on its promises of effective freshness and odor control."
Negative,"Regretful deodorant purchase. It caused skin irritation, and the scent is overpowering. Failed to control perspiration and odor, leaving me feeling uncomfortable and self-conscious."
Negative,Disgusted with this deodorant. It left my skin feeling slimy and didn't control perspiration. The fragrance is overpowering and nauseating. Definitely not a reliable choice.
Negative,"Unpleasant deodorant experience! The scent is overpowering and left a sticky residue. It failed to control perspiration, making me feel uncomfortable and unconfident."
Negative,"Frustrating deodorant choice. The overpowering scent is irritating, and it left my skin feeling uncomfortable. It failed to provide any effective protection against perspiration and odor."
Negative,"Disappointed with this deodorant. The scent is overwhelming and not pleasant. It left my skin feeling sticky, and I regret choosing this product entirely."
Negative,This deodorant is a disaster. It left a sticky residue and failed to provide any reliable protection against perspiration and odor. The scent is overpowering and unpleasant.
